-- phpMyAdmin SQL Dump
-- version 4.8.5
-- https://www.phpmyadmin.net/
--
-- 主机： localhost
-- 生成日期： 2025-12-08 20:32:08
-- 服务器版本： 5.7.26
-- PHP 版本： 7.3.4

SET SQL_MODE = "NO_AUTO_VALUE_ON_ZERO";
SET AUTOCOMMIT = 0;
START TRANSACTION;
SET time_zone = "+00:00";


/*!40101 SET @OLD_CHARACTER_SET_CLIENT=@@CHARACTER_SET_CLIENT */;
/*!40101 SET @OLD_CHARACTER_SET_RESULTS=@@CHARACTER_SET_RESULTS */;
/*!40101 SET @OLD_COLLATION_CONNECTION=@@COLLATION_CONNECTION */;
/*!40101 SET NAMES utf8mb4 */;

--
-- 数据库： `stu_exam1`
--

-- --------------------------------------------------------

--
-- 表的结构 `answer_record`
--

CREATE TABLE `answer_record` (
  `id` int(10) UNSIGNED NOT NULL COMMENT 'ID, 主键',
  `exam_id` int(10) UNSIGNED NOT NULL COMMENT '考试ID',
  `student_id` int(10) UNSIGNED NOT NULL COMMENT '学生ID',
  `question_id` int(10) UNSIGNED NOT NULL COMMENT '题目ID',
  `student_answer` text COLLATE utf8_unicode_ci COMMENT '学生答案',
  `is_correct` tinyint(3) UNSIGNED DEFAULT '0' COMMENT '是否正确, 0:未判, 1:正确, 2:错误',
  `score` int(10) UNSIGNED DEFAULT '0' COMMENT '得分',
  `submit_time` datetime DEFAULT NULL COMMENT '提交时间'
) ENGINE=MyISAM DEFAULT CHARSET=utf8 COLLATE=utf8_unicode_ci COMMENT='答题记录表';

--
-- 转存表中的数据 `answer_record`
--

INSERT INTO `answer_record` (`id`, `exam_id`, `student_id`, `question_id`, `student_answer`, `is_correct`, `score`, `submit_time`) VALUES
(1, 1, 4, 1, 'A', 1, 5, '2024-11-01 10:30:00'),
(2, 1, 4, 2, 'B', 1, 5, '2024-11-01 10:30:00'),
(3, 1, 4, 3, 'A', 1, 5, '2024-11-01 10:30:00'),
(4, 1, 4, 4, 'C', 1, 5, '2024-11-01 10:30:00'),
(5, 1, 4, 5, '霜', 1, 5, '2024-11-01 10:30:00'),
(6, 1, 4, 6, '鸟', 1, 5, '2024-11-01 10:30:00'),
(7, 1, 4, 7, '故乡', 1, 5, '2024-11-01 10:30:00'),
(8, 1, 4, 8, '比邻', 0, 0, '2024-11-01 10:30:00'),
(9, 1, 4, 9, '14', 1, 5, '2024-11-01 10:30:00'),
(10, 1, 4, 10, '180', 1, 5, '2024-11-01 10:30:00'),
(11, 1, 4, 11, 'C=2πr', 1, 5, '2024-11-01 10:30:00'),
(12, 1, 4, 12, '11', 1, 5, '2024-11-01 10:30:00'),
(13, 1, 4, 13, '2', 0, 0, '2024-11-01 10:30:00'),
(14, 1, 5, 1, 'A', 1, 5, '2024-11-01 10:45:00'),
(15, 1, 5, 2, 'B', 1, 5, '2024-11-01 10:45:00'),
(16, 1, 5, 3, 'A', 1, 5, '2024-11-01 10:45:00'),
(17, 1, 5, 4, 'C', 1, 5, '2024-11-01 10:45:00'),
(18, 1, 5, 5, '霜', 1, 5, '2024-11-01 10:45:00'),
(19, 1, 5, 6, '鸟', 1, 5, '2024-11-01 10:45:00'),
(20, 1, 5, 7, '故乡', 0, 0, '2024-11-01 10:45:00'),
(21, 1, 5, 8, '比邻', 1, 5, '2024-11-01 10:45:00'),
(22, 1, 5, 9, '14', 1, 5, '2024-11-01 10:45:00'),
(23, 1, 5, 10, '180', 1, 5, '2024-11-01 10:45:00'),
(24, 1, 5, 11, 'C=πr', 0, 0, '2024-11-01 10:45:00'),
(25, 1, 5, 12, '11', 1, 5, '2024-11-01 10:45:00'),
(26, 1, 5, 13, '2', 1, 5, '2024-11-01 10:45:00'),
(27, 1, 6, 1, 'B', 0, 0, '2024-11-01 10:50:00'),
(28, 1, 6, 2, 'B', 1, 5, '2024-11-01 10:50:00'),
(29, 1, 6, 3, 'A', 1, 5, '2024-11-01 10:50:00'),
(30, 1, 6, 4, 'C', 1, 5, '2024-11-01 10:50:00'),
(31, 1, 6, 5, '霜', 1, 5, '2024-11-01 10:50:00'),
(32, 1, 6, 6, '鸟', 1, 5, '2024-11-01 10:50:00'),
(33, 1, 6, 7, '故乡', 1, 5, '2024-11-01 10:50:00'),
(34, 1, 6, 8, '比邻', 0, 0, '2024-11-01 10:50:00'),
(35, 1, 6, 9, '14', 1, 5, '2024-11-01 10:50:00'),
(36, 1, 6, 10, '180', 1, 5, '2024-11-01 10:50:00'),
(37, 1, 6, 11, 'C=2πr', 0, 0, '2024-11-01 10:50:00'),
(38, 1, 6, 12, '11', 1, 5, '2024-11-01 10:50:00'),
(39, 1, 6, 13, '2', 0, 0, '2024-11-01 10:50:00'),
(40, 1, 7, 1, 'A', 1, 5, '2024-11-01 10:40:00'),
(41, 1, 7, 2, 'B', 1, 5, '2024-11-01 10:40:00'),
(42, 1, 7, 3, 'A', 1, 5, '2024-11-01 10:40:00'),
(43, 1, 7, 4, 'C', 1, 5, '2024-11-01 10:40:00'),
(44, 1, 7, 5, '霜', 1, 5, '2024-11-01 10:40:00'),
(45, 1, 7, 6, '鸟', 1, 5, '2024-11-01 10:40:00'),
(46, 1, 7, 7, '故乡', 0, 0, '2024-11-01 10:40:00'),
(47, 1, 7, 8, '比邻', 0, 0, '2024-11-01 10:40:00'),
(48, 1, 7, 9, '14', 1, 5, '2024-11-01 10:40:00'),
(49, 1, 7, 10, '180', 1, 5, '2024-11-01 10:40:00'),
(50, 1, 7, 11, 'C=2πr', 1, 5, '2024-11-01 10:40:00'),
(51, 1, 7, 12, '11', 1, 5, '2024-11-01 10:40:00'),
(52, 1, 7, 13, '2', 0, 0, '2024-11-01 10:40:00'),
(53, 1, 8, 1, 'B', 0, 0, '2024-11-01 10:35:00'),
(54, 1, 8, 2, 'B', 1, 5, '2024-11-01 10:35:00'),
(55, 1, 8, 3, 'A', 1, 5, '2024-11-01 10:35:00'),
(56, 1, 8, 4, 'A', 0, 0, '2024-11-01 10:35:00'),
(57, 1, 8, 5, '霜', 1, 5, '2024-11-01 10:35:00'),
(58, 1, 8, 6, '鸟', 1, 5, '2024-11-01 10:35:00'),
(59, 1, 8, 7, '故乡', 1, 5, '2024-11-01 10:35:00'),
(60, 1, 8, 8, '比邻', 0, 0, '2024-11-01 10:35:00'),
(61, 1, 8, 9, '14', 1, 5, '2024-11-01 10:35:00'),
(62, 1, 8, 10, '错', 0, 0, '2024-11-01 10:35:00'),
(63, 1, 8, 11, 'C=2πr', 1, 5, '2024-11-01 10:35:00'),
(64, 1, 8, 12, '11', 1, 5, '2024-11-01 10:35:00'),
(65, 1, 8, 13, '2', 0, 0, '2024-11-01 10:35:00'),
(66, 1, 9, 1, 'A', 1, 5, '2024-11-01 10:55:00'),
(67, 1, 9, 2, 'B', 1, 5, '2024-11-01 10:55:00'),
(68, 1, 9, 3, 'A', 1, 5, '2024-11-01 10:55:00'),
(69, 1, 9, 4, 'C', 1, 5, '2024-11-01 10:55:00'),
(70, 1, 9, 5, '霜', 1, 5, '2024-11-01 10:55:00'),
(71, 1, 9, 6, '鸟', 1, 5, '2024-11-01 10:55:00'),
(72, 1, 9, 7, '故乡', 1, 5, '2024-11-01 10:55:00'),
(73, 1, 9, 8, '比邻', 1, 5, '2024-11-01 10:55:00'),
(74, 1, 9, 9, '14', 1, 5, '2024-11-01 10:55:00'),
(75, 1, 9, 10, '180', 1, 5, '2024-11-01 10:55:00'),
(76, 1, 9, 11, 'C=2πr', 1, 5, '2024-11-01 10:55:00'),
(77, 1, 9, 12, '11', 1, 5, '2024-11-01 10:55:00'),
(78, 1, 9, 13, '错', 0, 0, '2024-11-01 10:55:00'),
(79, 1, 10, 1, 'B', 0, 0, '2024-11-01 10:25:00'),
(80, 1, 10, 2, 'A', 0, 0, '2024-11-01 10:25:00'),
(81, 1, 10, 3, 'A', 1, 5, '2024-11-01 10:25:00'),
(82, 1, 10, 4, 'C', 1, 5, '2024-11-01 10:25:00'),
(83, 1, 10, 5, '霜', 1, 5, '2024-11-01 10:25:00'),
(84, 1, 10, 6, '鸟', 1, 5, '2024-11-01 10:25:00'),
(85, 1, 10, 7, '故乡', 0, 0, '2024-11-01 10:25:00'),
(86, 1, 10, 8, '比邻', 0, 0, '2024-11-01 10:25:00'),
(87, 1, 10, 9, '14', 1, 5, '2024-11-01 10:25:00'),
(88, 1, 10, 10, '180', 1, 5, '2024-11-01 10:25:00'),
(89, 1, 10, 11, 'C=2πr', 1, 5, '2024-11-01 10:25:00'),
(90, 1, 10, 12, '11', 1, 5, '2024-11-01 10:25:00'),
(91, 1, 10, 13, '2', 0, 0, '2024-11-01 10:25:00'),
(92, 1, 11, 1, 'A', 1, 5, '2024-11-01 10:42:00'),
(93, 1, 11, 2, 'B', 1, 5, '2024-11-01 10:42:00'),
(94, 1, 11, 3, 'B', 0, 0, '2024-11-01 10:42:00'),
(95, 1, 11, 4, 'C', 1, 5, '2024-11-01 10:42:00'),
(96, 1, 11, 5, '霜', 1, 5, '2024-11-01 10:42:00'),
(97, 1, 11, 6, '鸟', 1, 5, '2024-11-01 10:42:00'),
(98, 1, 11, 7, '故乡', 1, 5, '2024-11-01 10:42:00'),
(99, 1, 11, 8, '比邻', 0, 0, '2024-11-01 10:42:00'),
(100, 1, 11, 9, '14', 1, 5, '2024-11-01 10:42:00'),
(101, 1, 11, 10, '180', 1, 5, '2024-11-01 10:42:00'),
(102, 1, 11, 11, 'C=2πr', 1, 5, '2024-11-01 10:42:00'),
(103, 1, 11, 12, '11', 0, 0, '2024-11-01 10:42:00'),
(104, 1, 11, 13, '2', 0, 0, '2024-11-01 10:42:00'),
(105, 2, 4, 17, 'B', 1, 5, '2024-11-05 15:20:00'),
(106, 2, 4, 18, 'B', 1, 5, '2024-11-05 15:20:00'),
(107, 2, 4, 19, 'B', 1, 5, '2024-11-05 15:20:00'),
(108, 2, 4, 20, 'C', 1, 5, '2024-11-05 15:20:00'),
(109, 2, 4, 21, 'B', 0, 0, '2024-11-05 15:20:00'),
(110, 2, 4, 22, 'r', 1, 5, '2024-11-05 15:20:00'),
(111, 2, 4, 23, '5050', 1, 5, '2024-11-05 15:20:00'),
(112, 2, 4, 24, '3', 1, 5, '2024-11-05 15:20:00'),
(113, 2, 4, 25, '2', 1, 5, '2024-11-05 15:20:00'),
(114, 2, 4, 26, '2', 1, 5, '2024-11-05 15:20:00'),
(115, 2, 4, 27, '2', 0, 0, '2024-11-05 15:20:00'),
(116, 2, 4, 28, '3', 1, 5, '2024-11-05 15:20:00'),
(117, 2, 4, 29, '2', 0, 0, '2024-11-05 15:20:00'),
(118, 2, 5, 17, 'B', 1, 5, '2024-11-05 15:30:00'),
(119, 2, 5, 18, 'B', 1, 5, '2024-11-05 15:30:00'),
(120, 2, 5, 19, 'B', 1, 5, '2024-11-05 15:30:00'),
(121, 2, 5, 20, 'C', 1, 5, '2024-11-05 15:30:00'),
(122, 2, 5, 21, 'B', 0, 0, '2024-11-05 15:30:00'),
(123, 2, 5, 22, 'r', 0, 0, '2024-11-05 15:30:00'),
(124, 2, 5, 23, '5050', 1, 5, '2024-11-05 15:30:00'),
(125, 2, 5, 24, '3', 1, 5, '2024-11-05 15:30:00'),
(126, 2, 5, 25, '2', 1, 5, '2024-11-05 15:30:00'),
(127, 2, 5, 26, '2', 1, 5, '2024-11-05 15:30:00'),
(128, 2, 5, 27, '2', 0, 0, '2024-11-05 15:30:00'),
(129, 2, 5, 28, '3', 1, 5, '2024-11-05 15:30:00'),
(130, 2, 5, 29, '3', 0, 0, '2024-11-05 15:30:00'),
(131, 2, 6, 17, 'B', 1, 5, '2024-11-05 15:15:00'),
(132, 2, 6, 18, 'B', 1, 5, '2024-11-05 15:15:00'),
(133, 2, 6, 19, 'B', 1, 5, '2024-11-05 15:15:00'),
(134, 2, 6, 20, 'C', 1, 5, '2024-11-05 15:15:00'),
(135, 2, 6, 21, 'B', 1, 5, '2024-11-05 15:15:00'),
(136, 2, 6, 22, 'r', 1, 5, '2024-11-05 15:15:00'),
(137, 2, 6, 23, '5050', 1, 5, '2024-11-05 15:15:00'),
(138, 2, 6, 24, '3', 0, 0, '2024-11-05 15:15:00'),
(139, 2, 6, 25, '2', 1, 5, '2024-11-05 15:15:00'),
(140, 2, 6, 26, '2', 1, 5, '2024-11-05 15:15:00'),
(141, 2, 6, 27, '2', 0, 0, '2024-11-05 15:15:00'),
(142, 2, 6, 28, '3', 1, 5, '2024-11-05 15:15:00'),
(143, 2, 6, 29, '2', 0, 0, '2024-11-05 15:15:00'),
(144, 2, 7, 17, 'B', 1, 5, '2024-11-05 15:25:00'),
(145, 2, 7, 18, 'B', 1, 5, '2024-11-05 15:25:00'),
(146, 2, 7, 19, 'A', 0, 0, '2024-11-05 15:25:00'),
(147, 2, 7, 20, 'C', 1, 5, '2024-11-05 15:25:00'),
(148, 2, 7, 21, 'B', 0, 0, '2024-11-05 15:25:00'),
(149, 2, 7, 22, 'r', 1, 5, '2024-11-05 15:25:00'),
(150, 2, 7, 23, '5050', 1, 5, '2024-11-05 15:25:00'),
(151, 2, 7, 24, '3', 1, 5, '2024-11-05 15:25:00'),
(152, 2, 7, 25, '2', 1, 5, '2024-11-05 15:25:00'),
(153, 2, 7, 26, '2', 1, 5, '2024-11-05 15:25:00'),
(154, 2, 7, 27, '2', 0, 0, '2024-11-05 15:25:00'),
(155, 2, 7, 28, '3', 1, 5, '2024-11-05 15:25:00'),
(156, 2, 7, 29, '2', 0, 0, '2024-11-05 15:25:00'),
(157, 2, 8, 17, 'B', 1, 5, '2024-11-05 15:35:00'),
(158, 2, 8, 18, 'B', 1, 5, '2024-11-05 15:35:00'),
(159, 2, 8, 19, 'B', 1, 5, '2024-11-05 15:35:00'),
(160, 2, 8, 20, 'C', 1, 5, '2024-11-05 15:35:00'),
(161, 2, 8, 21, 'B', 0, 0, '2024-11-05 15:35:00'),
(162, 2, 8, 22, 'r', 0, 0, '2024-11-05 15:35:00'),
(163, 2, 8, 23, '5050', 0, 0, '2024-11-05 15:35:00'),
(164, 2, 8, 24, '3', 1, 5, '2024-11-05 15:35:00'),
(165, 2, 8, 25, '2', 1, 5, '2024-11-05 15:35:00'),
(166, 2, 8, 26, '2', 1, 5, '2024-11-05 15:35:00'),
(167, 2, 8, 27, '2', 0, 0, '2024-11-05 15:35:00'),
(168, 2, 8, 28, '3', 1, 5, '2024-11-05 15:35:00'),
(169, 2, 8, 29, '2', 0, 0, '2024-11-05 15:35:00'),
(170, 2, 9, 17, 'B', 1, 5, '2024-11-05 15:10:00'),
(171, 2, 9, 18, 'B', 1, 5, '2024-11-05 15:10:00'),
(172, 2, 9, 19, 'B', 1, 5, '2024-11-05 15:10:00'),
(173, 2, 9, 20, 'C', 1, 5, '2024-11-05 15:10:00'),
(174, 2, 9, 21, 'B', 1, 5, '2024-11-05 15:10:00'),
(175, 2, 9, 22, 'r', 1, 5, '2024-11-05 15:10:00'),
(176, 2, 9, 23, '5050', 1, 5, '2024-11-05 15:10:00'),
(177, 2, 9, 24, '3', 1, 5, '2024-11-05 15:10:00'),
(178, 2, 9, 25, '2', 1, 5, '2024-11-05 15:10:00'),
(179, 2, 9, 26, '2', 1, 5, '2024-11-05 15:10:00'),
(180, 2, 9, 27, '2', 0, 0, '2024-11-05 15:10:00'),
(181, 2, 9, 28, '3', 1, 5, '2024-11-05 15:10:00'),
(182, 2, 9, 29, '2', 0, 0, '2024-11-05 15:10:00'),
(183, 2, 10, 17, 'A', 0, 0, '2024-11-05 15:40:00'),
(184, 2, 10, 18, 'B', 1, 5, '2024-11-05 15:40:00'),
(185, 2, 10, 19, 'B', 1, 5, '2024-11-05 15:40:00'),
(186, 2, 10, 20, 'C', 1, 5, '2024-11-05 15:40:00'),
(187, 2, 10, 21, 'B', 0, 0, '2024-11-05 15:40:00'),
(188, 2, 10, 22, 'r', 0, 0, '2024-11-05 15:40:00'),
(189, 2, 10, 23, '5050', 0, 0, '2024-11-05 15:40:00'),
(190, 2, 10, 24, '3', 1, 5, '2024-11-05 15:40:00'),
(191, 2, 10, 25, '2', 1, 5, '2024-11-05 15:40:00'),
(192, 2, 10, 26, '2', 1, 5, '2024-11-05 15:40:00'),
(193, 2, 10, 27, '2', 0, 0, '2024-11-05 15:40:00'),
(194, 2, 10, 28, '3', 1, 5, '2024-11-05 15:40:00'),
(195, 2, 10, 29, '2', 0, 0, '2024-11-05 15:40:00'),
(196, 2, 11, 17, 'B', 1, 5, '2024-11-05 15:18:00'),
(197, 2, 11, 18, 'B', 1, 5, '2024-11-05 15:18:00'),
(198, 2, 11, 19, 'B', 1, 5, '2024-11-05 15:18:00'),
(199, 2, 11, 20, 'C', 1, 5, '2024-11-05 15:18:00'),
(200, 2, 11, 21, 'B', 0, 0, '2024-11-05 15:18:00'),
(201, 2, 11, 22, 'r', 1, 5, '2024-11-05 15:18:00'),
(202, 2, 11, 23, '5050', 1, 5, '2024-11-05 15:18:00'),
(203, 2, 11, 24, '3', 1, 5, '2024-11-05 15:18:00'),
(204, 2, 11, 25, '2', 1, 5, '2024-11-05 15:18:00'),
(205, 2, 11, 26, '2', 1, 5, '2024-11-05 15:18:00'),
(206, 2, 11, 27, '2', 0, 0, '2024-11-05 15:18:00'),
(207, 2, 11, 28, '3', 1, 5, '2024-11-05 15:18:00'),
(208, 2, 11, 29, '2', 0, 0, '2024-11-05 15:18:00'),
(209, 3, 4, 1, 'B', 0, 0, '2024-11-08 11:15:00'),
(210, 3, 4, 2, 'B', 1, 5, '2024-11-08 11:15:00'),
(211, 3, 4, 3, 'B', 1, 5, '2024-11-08 11:15:00'),
(212, 3, 4, 4, 'A', 1, 5, '2024-11-08 11:15:00'),
(213, 3, 4, 5, 'student', 1, 5, '2024-11-08 11:15:00'),
(214, 3, 4, 6, 'likes', 1, 5, '2024-11-08 11:15:00'),
(215, 3, 4, 7, 'tomorrow', 1, 5, '2024-11-08 11:15:00'),
(216, 3, 4, 8, 'best', 1, 5, '2024-11-08 11:15:00'),
(217, 3, 4, 9, '14', 1, 5, '2024-11-08 11:15:00'),
(218, 3, 4, 10, '180', 1, 5, '2024-11-08 11:15:00'),
(219, 3, 4, 30, '2', 0, 0, '2024-11-08 11:15:00'),
(220, 3, 4, 31, '3', 0, 0, '2024-11-08 11:15:00'),
(221, 3, 4, 32, '1', 0, 0, '2024-11-08 11:15:00'),
(222, 3, 5, 1, 'B', 0, 0, '2024-11-08 11:20:00'),
(223, 3, 5, 2, 'B', 1, 5, '2024-11-08 11:20:00'),
(224, 3, 5, 3, 'B', 1, 5, '2024-11-08 11:20:00'),
(225, 3, 5, 4, 'A', 1, 5, '2024-11-08 11:20:00'),
(226, 3, 5, 5, 'student', 1, 5, '2024-11-08 11:20:00'),
(227, 3, 5, 6, 'likes', 1, 5, '2024-11-08 11:20:00'),
(228, 3, 5, 7, 'tomorrow', 1, 5, '2024-11-08 11:20:00'),
(229, 3, 5, 8, 'best', 1, 5, '2024-11-08 11:20:00'),
(230, 3, 5, 9, '14', 1, 5, '2024-11-08 11:20:00'),
(231, 3, 5, 10, '180', 0, 0, '2024-11-08 11:20:00'),
(232, 3, 5, 30, '2', 1, 5, '2024-11-08 11:20:00'),
(233, 3, 5, 31, '3', 1, 5, '2024-11-08 11:20:00'),
(234, 3, 5, 32, '1', 0, 0, '2024-11-08 11:20:00'),
(235, 3, 6, 1, 'B', 0, 0, '2024-11-08 11:25:00'),
(236, 3, 6, 2, 'B', 1, 5, '2024-11-08 11:25:00'),
(237, 3, 6, 3, 'A', 0, 0, '2024-11-08 11:25:00'),
(238, 3, 6, 4, 'A', 1, 5, '2024-11-08 11:25:00'),
(239, 3, 6, 5, 'student', 1, 5, '2024-11-08 11:25:00'),
(240, 3, 6, 6, 'likes', 1, 5, '2024-11-08 11:25:00'),
(241, 3, 6, 7, 'tomorrow', 1, 5, '2024-11-08 11:25:00'),
(242, 3, 6, 8, 'best', 1, 5, '2024-11-08 11:25:00'),
(243, 3, 6, 9, '14', 1, 5, '2024-11-08 11:25:00'),
(244, 3, 6, 10, '180', 1, 5, '2024-11-08 11:25:00'),
(245, 3, 6, 30, '2', 0, 0, '2024-11-08 11:25:00'),
(246, 3, 6, 31, '3', 0, 0, '2024-11-08 11:25:00'),
(247, 3, 6, 32, '1', 0, 0, '2024-11-08 11:25:00'),
(248, 3, 7, 1, 'B', 1, 5, '2024-11-08 11:10:00'),
(249, 3, 7, 2, 'B', 1, 5, '2024-11-08 11:10:00'),
(250, 3, 7, 3, 'B', 1, 5, '2024-11-08 11:10:00'),
(251, 3, 7, 4, 'A', 1, 5, '2024-11-08 11:10:00'),
(252, 3, 7, 5, 'student', 1, 5, '2024-11-08 11:10:00'),
(253, 3, 7, 6, 'likes', 0, 0, '2024-11-08 11:10:00'),
(254, 3, 7, 7, 'tomorrow', 1, 5, '2024-11-08 11:10:00'),
(255, 3, 7, 8, 'best', 1, 5, '2024-11-08 11:10:00'),
(256, 3, 7, 9, '14', 1, 5, '2024-11-08 11:10:00'),
(257, 3, 7, 10, '180', 1, 5, '2024-11-08 11:10:00'),
(258, 3, 7, 30, '2', 0, 0, '2024-11-08 11:10:00'),
(259, 3, 7, 31, '3', 0, 0, '2024-11-08 11:10:00'),
(260, 3, 7, 32, '1', 0, 0, '2024-11-08 11:10:00'),
(261, 3, 8, 1, 'B', 0, 0, '2024-11-08 11:30:00'),
(262, 3, 8, 2, 'B', 1, 5, '2024-11-08 11:30:00'),
(263, 3, 8, 3, 'B', 1, 5, '2024-11-08 11:30:00'),
(264, 3, 8, 4, 'A', 1, 5, '2024-11-08 11:30:00'),
(265, 3, 8, 5, 'student', 0, 0, '2024-11-08 11:30:00'),
(266, 3, 8, 6, 'likes', 1, 5, '2024-11-08 11:30:00'),
(267, 3, 8, 7, 'tomorrow', 1, 5, '2024-11-08 11:30:00'),
(268, 3, 8, 8, 'best', 1, 5, '2024-11-08 11:30:00'),
(269, 3, 8, 9, '14', 1, 5, '2024-11-08 11:30:00'),
(270, 3, 8, 10, '180', 0, 0, '2024-11-08 11:30:00'),
(271, 3, 8, 30, '2', 1, 5, '2024-11-08 11:30:00'),
(272, 3, 8, 31, '3', 0, 0, '2024-11-08 11:30:00'),
(273, 3, 8, 32, '1', 0, 0, '2024-11-08 11:30:00'),
(274, 3, 9, 1, 'B', 1, 5, '2024-11-08 11:05:00'),
(275, 3, 9, 2, 'B', 1, 5, '2024-11-08 11:05:00'),
(276, 3, 9, 3, 'B', 1, 5, '2024-11-08 11:05:00'),
(277, 3, 9, 4, 'A', 1, 5, '2024-11-08 11:05:00'),
(278, 3, 9, 5, 'student', 1, 5, '2024-11-08 11:05:00'),
(279, 3, 9, 6, 'likes', 1, 5, '2024-11-08 11:05:00'),
(280, 3, 9, 7, 'tomorrow', 1, 5, '2024-11-08 11:05:00'),
(281, 3, 9, 8, 'best', 1, 5, '2024-11-08 11:05:00'),
(282, 3, 9, 9, '14', 1, 5, '2024-11-08 11:05:00'),
(283, 3, 9, 10, '180', 1, 5, '2024-11-08 11:05:00'),
(284, 3, 9, 30, '2', 1, 5, '2024-11-08 11:05:00'),
(285, 3, 9, 31, '3', 1, 5, '2024-11-08 11:05:00'),
(286, 3, 9, 32, '1', 0, 0, '2024-11-08 11:05:00'),
(287, 3, 10, 1, 'B', 0, 0, '2024-11-08 11:35:00'),
(288, 3, 10, 2, 'B', 1, 5, '2024-11-08 11:35:00'),
(289, 3, 10, 3, 'B', 1, 5, '2024-11-08 11:35:00'),
(290, 3, 10, 4, 'A', 1, 5, '2024-11-08 11:35:00'),
(291, 3, 10, 5, 'student', 0, 0, '2024-11-08 11:35:00'),
(292, 3, 10, 6, 'likes', 1, 5, '2024-11-08 11:35:00'),
(293, 3, 10, 7, 'tomorrow', 0, 0, '2024-11-08 11:35:00'),
(294, 3, 10, 8, 'best', 1, 5, '2024-11-08 11:35:00'),
(295, 3, 10, 9, '14', 1, 5, '2024-11-08 11:35:00'),
(296, 3, 10, 10, '180', 0, 0, '2024-11-08 11:35:00'),
(297, 3, 10, 30, '2', 1, 5, '2024-11-08 11:35:00'),
(298, 3, 10, 31, '3', 0, 0, '2024-11-08 11:35:00'),
(299, 3, 10, 32, '1', 0, 0, '2024-11-08 11:35:00'),
(300, 3, 11, 1, 'B', 1, 5, '2024-11-08 11:12:00'),
(301, 3, 11, 2, 'B', 1, 5, '2024-11-08 11:12:00'),
(302, 3, 11, 3, 'B', 1, 5, '2024-11-08 11:12:00'),
(303, 3, 11, 4, 'A', 1, 5, '2024-11-08 11:12:00'),
(304, 3, 11, 5, 'student', 1, 5, '2024-11-08 11:12:00'),
(305, 3, 11, 6, 'likes', 1, 5, '2024-11-08 11:12:00'),
(306, 3, 11, 7, 'tomorrow', 0, 0, '2024-11-08 11:12:00'),
(307, 3, 11, 8, 'best', 0, 0, '2024-11-08 11:12:00'),
(308, 3, 11, 9, '14', 1, 5, '2024-11-08 11:12:00'),
(309, 3, 11, 10, '180', 1, 5, '2024-11-08 11:12:00'),
(310, 3, 11, 30, '2', 0, 0, '2024-11-08 11:12:00'),
(311, 3, 11, 31, '3', 1, 5, '2024-11-08 11:12:00'),
(312, 3, 11, 32, '1', 0, 0, '2024-11-08 11:12:00'),
(313, 4, 12, 1, 'A', 1, 5, '2024-12-01 10:30:00'),
(314, 4, 12, 3, 'A', 1, 5, '2024-12-01 10:30:00'),
(315, 4, 12, 5, '霜', 1, 5, '2024-12-01 10:30:00'),
(316, 4, 12, 7, '故乡', 1, 5, '2024-12-01 10:30:00'),
(317, 4, 12, 2, 'B', 1, 5, '2024-12-01 10:30:00'),
(318, 4, 12, 4, 'C', 1, 5, '2024-12-01 10:30:00'),
(319, 4, 12, 6, '鸟', 1, 5, '2024-12-01 10:30:00'),
(320, 4, 12, 8, '比邻', 0, 0, '2024-12-01 10:30:00'),
(321, 4, 12, 9, '14', 1, 5, '2024-12-01 10:30:00'),
(322, 4, 12, 11, 'C=2πr', 1, 5, '2024-12-01 10:30:00'),
(323, 4, 12, 13, '2', 1, 5, '2024-12-01 10:30:00'),
(324, 4, 12, 10, '180', 1, 5, '2024-12-01 10:30:00'),
(325, 4, 12, 12, '11', 0, 0, '2024-12-01 10:30:00'),
(326, 4, 13, 1, '1', 1, 5, '2024-12-01 10:45:00'),
(327, 4, 13, 3, '2', 0, 0, '2024-12-01 10:45:00'),
(328, 4, 13, 5, '霜', 1, 5, '2024-12-01 10:45:00'),
(329, 4, 13, 7, '故乡', 1, 5, '2024-12-01 10:45:00'),
(330, 4, 13, 2, '2', 1, 5, '2024-12-01 10:45:00'),
(331, 4, 13, 4, '3', 1, 5, '2024-12-01 10:45:00'),
(332, 4, 13, 6, '鸟', 1, 5, '2024-12-01 10:45:00'),
(333, 4, 13, 8, '比邻', 1, 5, '2024-12-01 10:45:00'),
(334, 4, 13, 9, '14', 0, 0, '2024-12-01 10:45:00'),
(335, 4, 13, 11, 'C=2πr', 1, 5, '2024-12-01 10:45:00'),
(336, 4, 13, 13, '2', 1, 5, '2024-12-01 10:45:00'),
(337, 4, 13, 10, '180', 1, 5, '2024-12-01 10:45:00'),
(338, 4, 13, 12, '11', 0, 0, '2024-12-01 10:45:00'),
(339, 4, 14, 1, '1', 1, 5, '2024-12-01 10:25:00'),
(340, 4, 14, 3, '1', 1, 5, '2024-12-01 10:25:00'),
(341, 4, 14, 5, '霜', 1, 5, '2024-12-01 10:25:00'),
(342, 4, 14, 7, '故乡', 1, 5, '2024-12-01 10:25:00'),
(343, 4, 14, 2, '2', 1, 5, '2024-12-01 10:25:00'),
(344, 4, 14, 4, '3', 1, 5, '2024-12-01 10:25:00'),
(345, 4, 14, 6, '鸟', 1, 5, '2024-12-01 10:25:00'),
(346, 4, 14, 8, '比邻', 1, 5, '2024-12-01 10:25:00'),
(347, 4, 14, 9, '14', 1, 5, '2024-12-01 10:25:00'),
(348, 4, 14, 11, 'C=2πr', 1, 5, '2024-12-01 10:25:00'),
(349, 4, 14, 13, '2', 1, 5, '2024-12-01 10:25:00'),
(350, 4, 14, 10, '180', 1, 5, '2024-12-01 10:25:00'),
(351, 4, 14, 12, '11', 0, 0, '2024-12-01 10:25:00'),
(352, 4, 15, 1, '1', 1, 5, '2024-12-01 10:40:00'),
(353, 4, 15, 3, '1', 1, 5, '2024-12-01 10:40:00'),
(354, 4, 15, 5, '霜', 1, 5, '2024-12-01 10:40:00'),
(355, 4, 15, 7, '故乡', 0, 0, '2024-12-01 10:40:00'),
(356, 4, 15, 2, '2', 1, 5, '2024-12-01 10:40:00'),
(357, 4, 15, 4, '3', 1, 5, '2024-12-01 10:40:00'),
(358, 4, 15, 6, '鸟', 1, 5, '2024-12-01 10:40:00'),
(359, 4, 15, 8, '比邻', 1, 5, '2024-12-01 10:40:00'),
(360, 4, 15, 9, '14', 1, 5, '2024-12-01 10:40:00'),
(361, 4, 15, 11, 'C=2πr', 1, 5, '2024-12-01 10:40:00'),
(362, 4, 15, 13, '2', 0, 0, '2024-12-01 10:40:00'),
(363, 4, 15, 10, '180', 1, 5, '2024-12-01 10:40:00'),
(364, 4, 15, 12, '11', 1, 5, '2024-12-01 10:40:00'),
(373, 7, 4, 12, '3', 1, 5, '2025-12-05 11:21:23'),
(372, 7, 4, 13, '2', 1, 5, '2025-12-05 11:21:23'),
(371, 7, 4, 10, '2', 1, 5, '2025-12-05 11:21:23'),
(368, 7, 5, 10, '2', 1, 5, '2025-12-05 11:10:18'),
(369, 7, 5, 13, '2', 1, 5, '2025-12-05 11:10:18'),
(370, 7, 5, 12, '3', 1, 5, '2025-12-05 11:10:18'),
(374, 8, 4, 9, '2', 1, 5, '2025-12-07 19:40:21'),
(375, 8, 4, 13, '2', 1, 5, '2025-12-07 19:40:21'),
(376, 8, 4, 16, '4', 0, 0, '2025-12-07 19:40:21');

-- --------------------------------------------------------

--
-- 表的结构 `clazz`
--

CREATE TABLE `clazz` (
  `id` int(10) UNSIGNED NOT NULL COMMENT 'ID, 主键',
  `clazz_code` varchar(20) COLLATE utf8_unicode_ci NOT NULL COMMENT '班级编号',
  `clazz_name` varchar(50) COLLATE utf8_unicode_ci NOT NULL COMMENT '班级名称',
  `teacher_id` int(10) UNSIGNED NOT NULL COMMENT '班主任ID',
  `description` varchar(200) COLLATE utf8_unicode_ci DEFAULT NULL COMMENT '班级描述',
  `status` tinyint(3) UNSIGNED DEFAULT '1' COMMENT '状态, 1:启用, 0:停用',
  `create_time` datetime DEFAULT NULL COMMENT '创建时间',
  `update_time` datetime DEFAULT NULL COMMENT '修改时间'
) ENGINE=MyISAM DEFAULT CHARSET=utf8 COLLATE=utf8_unicode_ci COMMENT='班级表';

--
-- 转存表中的数据 `clazz`
--

INSERT INTO `clazz` (`id`, `clazz_code`, `clazz_name`, `teacher_id`, `description`, `status`, `create_time`, `update_time`) VALUES
(1, 'G202401', '高一(1)班', 1, '高一1班，班主任：张老师', 1, '2025-12-05 11:08:26', '2025-12-05 11:08:26'),
(2, 'G202402', '高一(2)班', 2, '高一2班，班主任：李老师', 1, '2025-12-05 11:08:26', '2025-12-05 11:08:26'),
(3, 'G202301', '高二(1)班', 3, '高二1班，班主任：王老师', 1, '2025-12-05 11:08:26', '2025-12-05 11:08:26');

-- --------------------------------------------------------

--
-- 表的结构 `exam`
--

CREATE TABLE `exam` (
  `id` int(10) UNSIGNED NOT NULL COMMENT 'ID, 主键',
  `exam_name` varchar(100) COLLATE utf8_unicode_ci NOT NULL COMMENT '考试名称',
  `teacher_id` int(10) UNSIGNED NOT NULL COMMENT '创建教师ID',
  `bank_id` int(10) UNSIGNED NOT NULL COMMENT '题库ID',
  `clazz_id` int(10) UNSIGNED NOT NULL COMMENT '班级ID',
  `start_time` datetime NOT NULL COMMENT '开始时间',
  `duration` int(10) UNSIGNED NOT NULL COMMENT '考试时长（分钟）',
  `choice_count` int(10) UNSIGNED DEFAULT '0' COMMENT '选择题数量',
  `fill_count` int(10) UNSIGNED DEFAULT '0' COMMENT '填空题数量',
  `total_score` int(10) UNSIGNED DEFAULT '100' COMMENT '总分',
  `status` tinyint(3) UNSIGNED DEFAULT '0' COMMENT '状态, 0:未发布, 1:未开始, 2:进行中, 3:已结束',
  `create_time` datetime DEFAULT NULL COMMENT '创建时间',
  `update_time` datetime DEFAULT NULL COMMENT '修改时间'
) ENGINE=MyISAM DEFAULT CHARSET=utf8 COLLATE=utf8_unicode_ci COMMENT='考试表';

--
-- 转存表中的数据 `exam`
--

INSERT INTO `exam` (`id`, `exam_name`, `teacher_id`, `bank_id`, `clazz_id`, `start_time`, `duration`, `choice_count`, `fill_count`, `total_score`, `status`, `create_time`, `update_time`) VALUES
(1, '高一语文期中考试', 1, 1, 1, '2024-11-01 09:00:00', 120, 8, 5, 65, 3, '2025-12-05 11:08:26', '2025-12-05 11:08:26'),
(2, '高一数学期中考试', 1, 2, 1, '2024-11-05 14:00:00', 150, 8, 5, 65, 3, '2025-12-05 11:08:26', '2025-12-05 11:08:26'),
(3, '高一英语期中考试', 2, 3, 2, '2024-11-08 10:00:00', 90, 8, 5, 65, 3, '2025-12-05 11:08:26', '2025-12-05 11:08:26'),
(4, '高二语文期末考试', 3, 1, 3, '2024-12-01 09:00:00', 120, 8, 5, 65, 2, '2025-12-05 11:08:26', '2025-12-05 11:08:26'),
(5, '高二数学期末考试', 3, 2, 3, '2024-12-15 14:00:00', 150, 8, 5, 65, 1, '2025-12-05 11:08:26', '2025-12-05 11:08:26'),
(6, '高二英语期末考试', 3, 3, 3, '2024-12-20 10:00:00', 90, 8, 5, 65, 1, '2025-12-05 11:08:26', '2025-12-05 11:08:26'),
(7, '1231231', 1, 2, 1, '2025-12-05 11:08:58', 60, 2, 1, 15, 1, '2025-12-05 11:09:00', '2025-12-05 11:09:07'),
(8, '数学竞赛', 1, 2, 1, '2025-12-05 15:08:08', 60, 1, 2, 15, 1, '2025-12-05 15:08:11', '2025-12-07 19:40:03');

-- --------------------------------------------------------

--
-- 表的结构 `exam_paper`
--

CREATE TABLE `exam_paper` (
  `id` int(10) UNSIGNED NOT NULL COMMENT 'ID, 主键',
  `exam_id` int(10) UNSIGNED NOT NULL COMMENT '考试ID',
  `question_id` int(10) UNSIGNED NOT NULL COMMENT '题目ID',
  `question_order` int(10) UNSIGNED NOT NULL COMMENT '题目顺序',
  `create_time` datetime DEFAULT NULL COMMENT '创建时间'
) ENGINE=MyISAM DEFAULT CHARSET=utf8 COLLATE=utf8_unicode_ci COMMENT='试卷表';

--
-- 转存表中的数据 `exam_paper`
--

INSERT INTO `exam_paper` (`id`, `exam_id`, `question_id`, `question_order`, `create_time`) VALUES
(1, 1, 1, 1, '2025-12-05 11:08:26'),
(2, 1, 2, 2, '2025-12-05 11:08:26'),
(3, 1, 3, 3, '2025-12-05 11:08:26'),
(4, 1, 4, 4, '2025-12-05 11:08:26'),
(5, 1, 5, 5, '2025-12-05 11:08:26'),
(6, 1, 6, 6, '2025-12-05 11:08:26'),
(7, 1, 7, 7, '2025-12-05 11:08:26'),
(8, 1, 8, 8, '2025-12-05 11:08:26'),
(9, 1, 9, 9, '2025-12-05 11:08:26'),
(10, 1, 10, 10, '2025-12-05 11:08:26'),
(11, 1, 11, 11, '2025-12-05 11:08:26'),
(12, 1, 12, 12, '2025-12-05 11:08:26'),
(13, 1, 13, 13, '2025-12-05 11:08:26'),
(14, 2, 17, 1, '2025-12-05 11:08:26'),
(15, 2, 18, 2, '2025-12-05 11:08:26'),
(16, 2, 19, 3, '2025-12-05 11:08:26'),
(17, 2, 20, 4, '2025-12-05 11:08:26'),
(18, 2, 21, 5, '2025-12-05 11:08:26'),
(19, 2, 22, 6, '2025-12-05 11:08:26'),
(20, 2, 23, 7, '2025-12-05 11:08:26'),
(21, 2, 24, 8, '2025-12-05 11:08:26'),
(22, 2, 25, 9, '2025-12-05 11:08:26'),
(23, 2, 26, 10, '2025-12-05 11:08:26'),
(24, 2, 27, 11, '2025-12-05 11:08:26'),
(25, 2, 28, 12, '2025-12-05 11:08:26'),
(26, 2, 29, 13, '2025-12-05 11:08:26'),
(27, 3, 1, 1, '2025-12-05 11:08:26'),
(28, 3, 2, 2, '2025-12-05 11:08:26'),
(29, 3, 3, 3, '2025-12-05 11:08:26'),
(30, 3, 4, 4, '2025-12-05 11:08:26'),
(31, 3, 5, 5, '2025-12-05 11:08:26'),
(32, 3, 6, 6, '2025-12-05 11:08:26'),
(33, 3, 7, 7, '2025-12-05 11:08:26'),
(34, 3, 8, 8, '2025-12-05 11:08:26'),
(35, 3, 9, 9, '2025-12-05 11:08:26'),
(36, 3, 10, 10, '2025-12-05 11:08:26'),
(37, 3, 30, 11, '2025-12-05 11:08:26'),
(38, 3, 31, 12, '2025-12-05 11:08:26'),
(39, 3, 32, 13, '2025-12-05 11:08:26'),
(40, 4, 1, 1, '2025-12-05 11:08:26'),
(41, 4, 3, 2, '2025-12-05 11:08:26'),
(42, 4, 5, 3, '2025-12-05 11:08:26'),
(43, 4, 7, 4, '2025-12-05 11:08:26'),
(44, 4, 2, 5, '2025-12-05 11:08:26'),
(45, 4, 4, 6, '2025-12-05 11:08:26'),
(46, 4, 6, 7, '2025-12-05 11:08:26'),
(47, 4, 8, 8, '2025-12-05 11:08:26'),
(48, 4, 9, 9, '2025-12-05 11:08:26'),
(49, 4, 11, 10, '2025-12-05 11:08:26'),
(50, 4, 13, 11, '2025-12-05 11:08:26'),
(51, 4, 10, 12, '2025-12-05 11:08:26'),
(52, 4, 12, 13, '2025-12-05 11:08:26'),
(58, 7, 12, 3, '2025-12-05 11:09:57'),
(57, 7, 13, 2, '2025-12-05 11:09:57'),
(56, 7, 10, 1, '2025-12-05 11:09:57'),
(59, 8, 9, 1, '2025-12-07 19:40:01'),
(60, 8, 13, 2, '2025-12-07 19:40:01'),
(61, 8, 16, 3, '2025-12-07 19:40:01');

-- --------------------------------------------------------

--
-- 表的结构 `exam_score`
--

CREATE TABLE `exam_score` (
  `id` int(10) UNSIGNED NOT NULL COMMENT 'ID, 主键',
  `exam_id` int(10) UNSIGNED NOT NULL COMMENT '考试ID',
  `student_id` int(10) UNSIGNED NOT NULL COMMENT '学生ID',
  `total_score` int(10) UNSIGNED DEFAULT '0' COMMENT '总得分',
  `correct_count` int(10) UNSIGNED DEFAULT '0' COMMENT '正确题数',
  `submit_time` datetime DEFAULT NULL COMMENT '提交时间',
  `status` tinyint(3) UNSIGNED DEFAULT '1' COMMENT '状态, 1:未提交, 2:已提交',
  `create_time` datetime DEFAULT NULL COMMENT '创建时间',
  `update_time` datetime DEFAULT NULL COMMENT '修改时间'
) ENGINE=MyISAM DEFAULT CHARSET=utf8 COLLATE=utf8_unicode_ci COMMENT='成绩表';

--
-- 转存表中的数据 `exam_score`
--

INSERT INTO `exam_score` (`id`, `exam_id`, `student_id`, `total_score`, `correct_count`, `submit_time`, `status`, `create_time`, `update_time`) VALUES
(1, 1, 4, 55, 11, '2024-11-01 10:30:00', 2, '2025-12-05 11:08:26', '2025-12-05 11:08:26'),
(2, 1, 5, 60, 12, '2024-11-01 10:45:00', 2, '2025-12-05 11:08:26', '2025-12-05 11:08:26'),
(3, 1, 6, 50, 10, '2024-11-01 10:50:00', 2, '2025-12-05 11:08:26', '2025-12-05 11:08:26'),
(4, 1, 7, 55, 11, '2024-11-01 10:40:00', 2, '2025-12-05 11:08:26', '2025-12-05 11:08:26'),
(5, 1, 8, 45, 9, '2024-11-01 10:35:00', 2, '2025-12-05 11:08:26', '2025-12-05 11:08:26'),
(6, 1, 9, 65, 13, '2024-11-01 10:55:00', 2, '2025-12-05 11:08:26', '2025-12-05 11:08:26'),
(7, 1, 10, 45, 8, '2024-11-01 10:25:00', 2, '2025-12-05 11:08:26', '2025-12-05 11:08:26'),
(8, 1, 11, 55, 11, '2024-11-01 10:42:00', 2, '2025-12-05 11:08:26', '2025-12-05 11:08:26'),
(9, 2, 4, 60, 11, '2024-11-05 15:20:00', 2, '2025-12-05 11:08:26', '2025-12-05 11:08:26'),
(10, 2, 5, 50, 10, '2024-11-05 15:30:00', 2, '2025-12-05 11:08:26', '2025-12-05 11:08:26'),
(11, 2, 6, 60, 12, '2024-11-05 15:15:00', 2, '2025-12-05 11:08:26', '2025-12-05 11:08:26'),
(12, 2, 7, 55, 11, '2024-11-05 15:25:00', 2, '2025-12-05 11:08:26', '2025-12-05 11:08:26'),
(13, 2, 8, 50, 9, '2024-11-05 15:35:00', 2, '2025-12-05 11:08:26', '2025-12-05 11:08:26'),
(14, 2, 9, 65, 13, '2024-11-05 15:10:00', 2, '2025-12-05 11:08:26', '2025-12-05 11:08:26'),
(15, 2, 10, 40, 8, '2024-11-05 15:40:00', 2, '2025-12-05 11:08:26', '2025-12-05 11:08:26'),
(16, 2, 11, 60, 11, '2024-11-05 15:18:00', 2, '2025-12-05 11:08:26', '2025-12-05 11:08:26'),
(17, 3, 4, 55, 10, '2024-11-08 11:15:00', 2, '2025-12-05 11:08:26', '2025-12-05 11:08:26'),
(18, 3, 5, 60, 11, '2024-11-08 11:20:00', 2, '2025-12-05 11:08:26', '2025-12-05 11:08:26'),
(19, 3, 6, 50, 10, '2024-11-08 11:25:00', 2, '2025-12-05 11:08:26', '2025-12-05 11:08:26'),
(20, 3, 7, 60, 12, '2024-11-08 11:10:00', 2, '2025-12-05 11:08:26', '2025-12-05 11:08:26'),
(21, 3, 8, 50, 9, '2024-11-08 11:30:00', 2, '2025-12-05 11:08:26', '2025-12-05 11:08:26'),
(22, 3, 9, 65, 13, '2024-11-08 11:05:00', 2, '2025-12-05 11:08:26', '2025-12-05 11:08:26'),
(23, 3, 10, 45, 8, '2024-11-08 11:35:00', 2, '2025-12-05 11:08:26', '2025-12-05 11:08:26'),
(24, 3, 11, 55, 10, '2024-11-08 11:12:00', 2, '2025-12-05 11:08:26', '2025-12-05 11:08:26'),
(25, 4, 12, 60, 11, '2024-12-01 10:30:00', 2, '2025-12-05 11:08:26', '2025-12-05 11:08:26'),
(26, 4, 13, 55, 10, '2024-12-01 10:45:00', 2, '2025-12-05 11:08:26', '2025-12-05 11:08:26'),
(27, 4, 14, 65, 12, '2024-12-01 10:25:00', 2, '2025-12-05 11:08:26', '2025-12-05 11:08:26'),
(28, 4, 15, 60, 11, '2024-12-01 10:40:00', 2, '2025-12-05 11:08:26', '2025-12-05 11:08:26'),
(31, 7, 4, 15, 3, '2025-12-05 11:21:23', 2, '2025-12-05 11:21:23', '2025-12-05 11:21:23'),
(30, 7, 5, 15, 3, '2025-12-05 11:10:18', 2, '2025-12-05 11:10:18', '2025-12-05 11:10:18'),
(32, 8, 4, 10, 2, '2025-12-07 19:40:21', 2, '2025-12-07 19:40:21', '2025-12-07 19:40:21');

-- --------------------------------------------------------

--
-- 表的结构 `question`
--

CREATE TABLE `question` (
  `id` int(10) UNSIGNED NOT NULL COMMENT 'ID, 主键',
  `bank_id` int(10) UNSIGNED NOT NULL COMMENT '题库ID',
  `type` tinyint(3) UNSIGNED NOT NULL COMMENT '题目类型, 1:选择题, 2:填空题',
  `content` text COLLATE utf8_unicode_ci NOT NULL COMMENT '题目内容',
  `options` text COLLATE utf8_unicode_ci COMMENT '选择题选项（JSON格式）',
  `answer` varchar(500) COLLATE utf8_unicode_ci NOT NULL COMMENT '正确答案',
  `score` int(10) UNSIGNED DEFAULT '5' COMMENT '题目分值',
  `create_time` datetime DEFAULT NULL COMMENT '创建时间',
  `update_time` datetime DEFAULT NULL COMMENT '修改时间'
) ENGINE=MyISAM DEFAULT CHARSET=utf8 COLLATE=utf8_unicode_ci COMMENT='题目表';

--
-- 转存表中的数据 `question`
--

INSERT INTO `question` (`id`, `bank_id`, `type`, `content`, `options`, `answer`, `score`, `create_time`, `update_time`) VALUES
(1, 1, 1, '《静夜思》的作者是谁？', '[{\"content\":\"李白\",\"isCorrect\":true},{\"content\":\"杜甫\",\"isCorrect\":false},{\"content\":\"白居易\",\"isCorrect\":false},{\"content\":\"王维\",\"isCorrect\":false}]', 'A', 5, '2025-12-05 11:08:26', '2025-12-05 11:08:26'),
(2, 1, 1, '下列哪个成语表示\"勤奋学习\"的意思？', '[{\"content\":\"卧薪尝胆\",\"isCorrect\":false},{\"content\":\"悬梁刺股\",\"isCorrect\":true},{\"content\":\"画蛇添足\",\"isCorrect\":false},{\"content\":\"守株待兔\",\"isCorrect\":false}]', 'B', 5, '2025-12-05 11:08:26', '2025-12-05 11:08:26'),
(3, 1, 1, '《红楼梦》的作者是谁？', '[{\"content\":\"曹雪芹\",\"isCorrect\":true},{\"content\":\"罗贯中\",\"isCorrect\":false},{\"content\":\"施耐庵\",\"isCorrect\":false},{\"content\":\"吴承恩\",\"isCorrect\":false}]', 'A', 5, '2025-12-05 11:08:26', '2025-12-05 11:08:26'),
(4, 1, 1, '下列哪个字是形声字？', '[{\"content\":\"山\",\"isCorrect\":false},{\"content\":\"水\",\"isCorrect\":false},{\"content\":\"江\",\"isCorrect\":true},{\"content\":\"火\",\"isCorrect\":false}]', 'C', 5, '2025-12-05 11:08:26', '2025-12-05 11:08:26'),
(5, 1, 2, '床前明月光，疑是地上___。', NULL, '霜', 5, '2025-12-05 11:08:26', '2025-12-05 11:08:26'),
(6, 1, 2, '春眠不觉晓，处处闻啼___。', NULL, '鸟', 5, '2025-12-05 11:08:26', '2025-12-05 11:08:26'),
(7, 1, 2, '举头望明月，低头思___。', NULL, '故乡', 5, '2025-12-05 11:08:26', '2025-12-05 11:08:26'),
(8, 1, 2, '海内存知己，天涯若___。', NULL, '比邻', 5, '2025-12-05 11:08:26', '2025-12-05 11:08:26'),
(9, 2, 1, '2 + 3 × 4 = ?', '[{\"content\":\"20\",\"isCorrect\":false},{\"content\":\"14\",\"isCorrect\":true},{\"content\":\"24\",\"isCorrect\":false},{\"content\":\"18\",\"isCorrect\":false}]', 'B', 5, '2025-12-05 11:08:26', '2025-12-05 11:08:26'),
(10, 2, 1, '一个三角形的三个内角之和是多少度？', '[{\"content\":\"90\",\"isCorrect\":false},{\"content\":\"180\",\"isCorrect\":true},{\"content\":\"270\",\"isCorrect\":false},{\"content\":\"360\",\"isCorrect\":false}]', 'B', 5, '2025-12-05 11:08:26', '2025-12-05 11:08:26'),
(11, 2, 1, '圆的周长公式是什么？', '[{\"content\":\"C=πr\",\"isCorrect\":false},{\"content\":\"C=2πr\",\"isCorrect\":true},{\"content\":\"C=πr²\",\"isCorrect\":false},{\"content\":\"C=2πr²\",\"isCorrect\":false}]', 'B', 5, '2025-12-05 11:08:26', '2025-12-05 11:08:26'),
(12, 2, 1, '下列哪个数是质数？', '[{\"content\":\"4\",\"isCorrect\":false},{\"content\":\"9\",\"isCorrect\":false},{\"content\":\"11\",\"isCorrect\":true},{\"content\":\"15\",\"isCorrect\":false}]', 'C', 5, '2025-12-05 11:08:26', '2025-12-05 11:08:26'),
(13, 2, 2, '三角形的面积公式是：底 × 高 ÷ ___。', NULL, '2', 5, '2025-12-05 11:08:26', '2025-12-05 11:08:26'),
(14, 2, 2, '圆的面积公式是：π × ___²。', NULL, 'r', 5, '2025-12-05 11:08:26', '2025-12-05 11:08:26'),
(15, 2, 2, '1 + 2 + 3 + ... + 100 = ___。', NULL, '5050', 5, '2025-12-05 11:08:26', '2025-12-05 11:08:26'),
(16, 2, 2, 'log₂8 = ___。', NULL, '3', 5, '2025-12-05 11:08:26', '2025-12-05 11:08:26'),
(17, 3, 1, 'What is the past tense of \"go\"?', '[{\"content\":\"goed\",\"isCorrect\":false},{\"content\":\"went\",\"isCorrect\":true},{\"content\":\"gone\",\"isCorrect\":false},{\"content\":\"going\",\"isCorrect\":false}]', 'B', 5, '2025-12-05 11:08:26', '2025-12-05 11:08:26'),
(18, 3, 1, 'Which word means \"happy\"?', '[{\"content\":\"sad\",\"isCorrect\":false},{\"content\":\"angry\",\"isCorrect\":false},{\"content\":\"joyful\",\"isCorrect\":true},{\"content\":\"tired\",\"isCorrect\":false}]', 'C', 5, '2025-12-05 11:08:26', '2025-12-05 11:08:26'),
(19, 3, 1, 'The plural of \"child\" is?', '[{\"content\":\"childs\",\"isCorrect\":false},{\"content\":\"children\",\"isCorrect\":true},{\"content\":\"childes\",\"isCorrect\":false},{\"content\":\"childies\",\"isCorrect\":false}]', 'B', 5, '2025-12-05 11:08:26', '2025-12-05 11:08:26'),
(20, 3, 1, 'I ___ to school every day.', '[{\"content\":\"go\",\"isCorrect\":true},{\"content\":\"goes\",\"isCorrect\":false},{\"content\":\"going\",\"isCorrect\":false},{\"content\":\"went\",\"isCorrect\":false}]', 'A', 5, '2025-12-05 11:08:26', '2025-12-05 11:08:26'),
(21, 3, 2, 'I am a ___ (student).', NULL, 'student', 5, '2025-12-05 11:08:26', '2025-12-05 11:08:26'),
(22, 3, 2, 'She ___ (like) to read books.', NULL, 'likes', 5, '2025-12-05 11:08:26', '2025-12-05 11:08:26'),
(23, 3, 2, 'We will go to the park ___ (tomorrow).', NULL, 'tomorrow', 5, '2025-12-05 11:08:26', '2025-12-05 11:08:26'),
(24, 3, 2, 'This is the ___ (good) book I have ever read.', NULL, 'best', 5, '2025-12-05 11:08:26', '2025-12-05 11:08:26');

-- --------------------------------------------------------

--
-- 表的结构 `question_bank`
--

CREATE TABLE `question_bank` (
  `id` int(10) UNSIGNED NOT NULL COMMENT 'ID, 主键',
  `bank_name` varchar(50) COLLATE utf8_unicode_ci NOT NULL COMMENT '题库名称',
  `description` varchar(200) COLLATE utf8_unicode_ci DEFAULT NULL COMMENT '题库描述',
  `create_time` datetime DEFAULT NULL COMMENT '创建时间',
  `update_time` datetime DEFAULT NULL COMMENT '修改时间'
) ENGINE=MyISAM DEFAULT CHARSET=utf8 COLLATE=utf8_unicode_ci COMMENT='题库表';

--
-- 转存表中的数据 `question_bank`
--

INSERT INTO `question_bank` (`id`, `bank_name`, `description`, `create_time`, `update_time`) VALUES
(1, '语文题库', '包含古诗词、文言文、现代文阅读等题目，适合高中语文教学', '2025-12-05 11:08:26', '2025-12-05 11:08:26'),
(2, '数学题库', '包含代数、几何、概率统计等题目，覆盖高中数学知识点', '2025-12-05 11:08:26', '2025-12-05 11:08:26'),
(3, '英语题库', '包含词汇、语法、阅读理解等题目，适合高中英语学习', '2025-12-05 11:08:26', '2025-12-05 11:08:26');

-- --------------------------------------------------------

--
-- 表的结构 `user`
--

CREATE TABLE `user` (
  `id` int(10) UNSIGNED NOT NULL COMMENT 'ID, 主键',
  `username` varchar(20) COLLATE utf8_unicode_ci NOT NULL COMMENT '用户名',
  `password` varchar(50) COLLATE utf8_unicode_ci DEFAULT '123456' COMMENT '密码',
  `name` varchar(10) COLLATE utf8_unicode_ci NOT NULL COMMENT '姓名',
  `role` tinyint(3) UNSIGNED NOT NULL COMMENT '角色, 0:管理员, 1:教师, 2:学生',
  `phone` char(11) COLLATE utf8_unicode_ci DEFAULT NULL COMMENT '手机号',
  `clazz_id` int(10) UNSIGNED DEFAULT NULL COMMENT '班级ID（学生所属班级）',
  `create_time` datetime DEFAULT NULL COMMENT '创建时间',
  `update_time` datetime DEFAULT NULL COMMENT '修改时间'
) ENGINE=MyISAM DEFAULT CHARSET=utf8 COLLATE=utf8_unicode_ci COMMENT='用户表';

--
-- 转存表中的数据 `user`
--

INSERT INTO `user` (`id`, `username`, `password`, `name`, `role`, `phone`, `clazz_id`, `create_time`, `update_time`) VALUES
(1, 'zhanglaoshi', '123456', '张老师', 1, '13800138001', NULL, '2025-12-05 11:08:26', '2025-12-05 11:08:26'),
(2, 'lilaoshi', '123456', '李老师', 1, '13800138002', NULL, '2025-12-05 11:08:26', '2025-12-05 11:08:26'),
(3, 'wanglaoshi', '123456', '王老师', 1, '13800138003', NULL, '2025-12-05 11:08:26', '2025-12-05 11:08:26'),
(4, 'zhangsan', '123456', '张三', 2, '13800138004', 1, '2025-12-05 11:08:26', '2025-12-05 11:08:26'),
(5, 'lisi', '123456', '李四', 2, '13800138005', 1, '2025-12-05 11:08:26', '2025-12-05 11:08:26'),
(6, 'wangwu', '123456', '王五', 2, '13800138006', 1, '2025-12-05 11:08:26', '2025-12-05 11:08:26'),
(7, 'zhaoliu', '123456', '赵六', 2, '13800138007', 1, '2025-12-05 11:08:26', '2025-12-05 11:08:26'),
(8, 'qianqi', '123456', '钱七', 2, '13800138008', 2, '2025-12-05 11:08:26', '2025-12-05 11:08:26'),
(9, 'sunba', '123456', '孙八', 2, '13800138009', 2, '2025-12-05 11:08:26', '2025-12-05 11:08:26'),
(10, 'zhoujiu', '123456', '周九', 2, '13800138010', 2, '2025-12-05 11:08:26', '2025-12-05 11:08:26'),
(11, 'wushi', '123456', '吴十', 2, '13800138011', 2, '2025-12-05 11:08:26', '2025-12-05 11:08:26'),
(12, 'zheng11', '123456', '郑十一', 2, '13800138012', 3, '2025-12-05 11:08:26', '2025-12-05 11:08:26'),
(13, 'feng12', '123456', '冯十二', 2, '13800138013', 3, '2025-12-05 11:08:26', '2025-12-05 11:08:26'),
(14, 'chen13', '123456', '陈十三', 2, '13800138014', 3, '2025-12-05 11:08:26', '2025-12-05 11:08:26'),
(15, 'chu14', '123456', '褚十四', 2, '13800138015', 3, '2025-12-05 11:08:26', '2025-12-05 11:08:26'),
(16, 'root', 'root', '系统管理员', 0, NULL, NULL, '2025-12-05 11:08:26', '2025-12-05 11:08:26');

--
-- 转储表的索引
--

--
-- 表的索引 `answer_record`
--
ALTER TABLE `answer_record`
  ADD PRIMARY KEY (`id`),
  ADD KEY `exam_id` (`exam_id`),
  ADD KEY `student_id` (`student_id`),
  ADD KEY `question_id` (`question_id`);

--
-- 表的索引 `clazz`
--
ALTER TABLE `clazz`
  ADD PRIMARY KEY (`id`),
  ADD UNIQUE KEY `clazz_code` (`clazz_code`),
  ADD KEY `teacher_id` (`teacher_id`);

--
-- 表的索引 `exam`
--
ALTER TABLE `exam`
  ADD PRIMARY KEY (`id`),
  ADD KEY `teacher_id` (`teacher_id`),
  ADD KEY `bank_id` (`bank_id`),
  ADD KEY `clazz_id` (`clazz_id`);

--
-- 表的索引 `exam_paper`
--
ALTER TABLE `exam_paper`
  ADD PRIMARY KEY (`id`),
  ADD KEY `exam_id` (`exam_id`),
  ADD KEY `question_id` (`question_id`);

--
-- 表的索引 `exam_score`
--
ALTER TABLE `exam_score`
  ADD PRIMARY KEY (`id`),
  ADD KEY `exam_id` (`exam_id`),
  ADD KEY `student_id` (`student_id`);

--
-- 表的索引 `question`
--
ALTER TABLE `question`
  ADD PRIMARY KEY (`id`),
  ADD KEY `bank_id` (`bank_id`);

--
-- 表的索引 `question_bank`
--
ALTER TABLE `question_bank`
  ADD PRIMARY KEY (`id`);

--
-- 表的索引 `user`
--
ALTER TABLE `user`
  ADD PRIMARY KEY (`id`),
  ADD UNIQUE KEY `username` (`username`),
  ADD UNIQUE KEY `phone` (`phone`),
  ADD KEY `clazz_id` (`clazz_id`);

--
-- 在导出的表使用AUTO_INCREMENT
--

--
-- 使用表AUTO_INCREMENT `answer_record`
--
ALTER TABLE `answer_record`
  MODIFY `id` int(10) UNSIGNED NOT NULL AUTO_INCREMENT COMMENT 'ID, 主键', AUTO_INCREMENT=377;

--
-- 使用表AUTO_INCREMENT `clazz`
--
ALTER TABLE `clazz`
  MODIFY `id` int(10) UNSIGNED NOT NULL AUTO_INCREMENT COMMENT 'ID, 主键', AUTO_INCREMENT=4;

--
-- 使用表AUTO_INCREMENT `exam`
--
ALTER TABLE `exam`
  MODIFY `id` int(10) UNSIGNED NOT NULL AUTO_INCREMENT COMMENT 'ID, 主键', AUTO_INCREMENT=9;

--
-- 使用表AUTO_INCREMENT `exam_paper`
--
ALTER TABLE `exam_paper`
  MODIFY `id` int(10) UNSIGNED NOT NULL AUTO_INCREMENT COMMENT 'ID, 主键', AUTO_INCREMENT=62;

--
-- 使用表AUTO_INCREMENT `exam_score`
--
ALTER TABLE `exam_score`
  MODIFY `id` int(10) UNSIGNED NOT NULL AUTO_INCREMENT COMMENT 'ID, 主键', AUTO_INCREMENT=33;

--
-- 使用表AUTO_INCREMENT `question`
--
ALTER TABLE `question`
  MODIFY `id` int(10) UNSIGNED NOT NULL AUTO_INCREMENT COMMENT 'ID, 主键', AUTO_INCREMENT=25;

--
-- 使用表AUTO_INCREMENT `question_bank`
--
ALTER TABLE `question_bank`
  MODIFY `id` int(10) UNSIGNED NOT NULL AUTO_INCREMENT COMMENT 'ID, 主键', AUTO_INCREMENT=4;

--
-- 使用表AUTO_INCREMENT `user`
--
ALTER TABLE `user`
  MODIFY `id` int(10) UNSIGNED NOT NULL AUTO_INCREMENT COMMENT 'ID, 主键', AUTO_INCREMENT=17;
COMMIT;

/*!40101 SET CHARACTER_SET_CLIENT=@OLD_CHARACTER_SET_CLIENT */;
/*!40101 SET CHARACTER_SET_RESULTS=@OLD_CHARACTER_SET_RESULTS */;
/*!40101 SET COLLATION_CONNECTION=@OLD_COLLATION_CONNECTION */;
